rho_obs,rho_null_mean,rho_null_std,p_empirical,test,shift_sd,rho_mean,rho_std
1.8311589230217205,1.0000533794151252,0.005298646154733124,0.0,A_gdsc,,,
1.7946471773224428,1.001105866149705,0.03637550655523217,0.0,C_reef,,,
,,,,B_synthetic,0.0,1.0002545562887666,0.0039859578052090765
,,,,B_synthetic,0.1,1.1051816402865007,0.004019305127604741
,,,,B_synthetic,0.2,1.2103707687686074,0.004171447012479514
,,,,B_synthetic,0.3,1.3156402867774795,0.004426442221575067
,,,,B_synthetic,0.5,1.5261191780970464,0.00504514695771737
,,,,B_synthetic,0.8,1.8421326211542008,0.005699607555391059
,,,,B_synthetic,1.0,2.052560870189525,0.006255655903108536
